{"setsat/dur1_spec3.wav": [981.7790156876966, 1923.6664914432504, 0.201], "setsat/dur3_spec5.wav": [1023.3050206429314, 1826.3922261927555, 0.299], "setsat/dur2_spec7.wav": [1030.7081857897842, 1751.3705171705833, 0.24900000000000005], "setsat/dur4_spec2.wav": [953.4062719332381, 1939.4428880304774, 0.34700000000000003], "setsat/dur1_spec1.wav": [924.9178770599149, 1952.1477270768169, 0.2], "setsat/dur3_spec3.wav": [986.2201192417543, 1921.5457517105622, 0.299], "setsat/dur2_spec3.wav": [973.8669510862516, 1912.3592751129152, 0.25000000000000006], "setsat/dur2_spec4.wav": [989.6852215063675, 1871.957885002969, 0.24900000000000005], "setsat/dur7_spec1.wav": [934.5060856671006, 1962.3739434759193, 0.49400000000000005], "setsat/dur3_spec6.wav": [1031.995847727333, 1780.0682739068275, 0.299], "setsat/dur4_spec7.wav": [1033.1301894810215, 1755.6931976296191, 0.34700000000000003], "setsat/dur7_spec6.wav": [1018.2106143275689, 1767.7996594079386, 0.49499999999999994], "setsat/dur7_spec4.wav": [999.4524013437399, 1870.12844212634, 0.49499999999999994], "setsat/dur5_spec5.wav": [1017.0899260156043, 1822.8096692383717, 0.3970000000000001], "setsat/dur2_spec1.wav": [925.6460937268521, 1949.3540618518402, 0.24900000000000005], "setsat/dur3_spec4.wav": [1006.0394494286181, 1874.441270771002, 0.298], "setsat/dur6_spec2.wav": [960.8572207044868, 1949.764937422738, 0.4449999999999999], "setsat/dur6_spec7.wav": [1031.9121382446524, 1756.2923337597795, 0.4449999999999999], "setsat/dur6_spec3.wav": [986.4724179186927, 1929.4060173441346, 0.446], "setsat/dur1_spec7.wav": [1039.2510089269963, 1753.0425255666414, 0.2], "setsat/dur7_spec2.wav": [958.8679311958165, 1944.6083341118456, 0.49400000000000005], "setsat/dur7_spec7.wav": [1028.1302018926733, 1742.5337273794385, 0.49400000000000005], "setsat/dur2_spec5.wav": [1009.5361248015672, 1832.0824067001058, 0.25000000000000006], "setsat/dur4_spec5.wav": [1012.3717512941228, 1829.292462079401, 0.3479999999999999], "setsat/dur3_spec1.wav": [933.5795150730224, 1960.99520138229, 0.298], "setsat/dur5_spec6.wav": [1026.9235626503603, 1776.7889284707562, 0.3970000000000001], "setsat/dur7_spec3.wav": [981.1884046845903, 1916.409937547921, 0.49499999999999994], "setsat/dur5_spec3.wav": [986.3015313244713, 1920.1312878680542, 0.3970000000000001], "setsat/dur1_spec6.wav": [1029.0370235335365, 1785.2613662536783, 0.2], "setsat/dur6_spec1.wav": [935.5942402297751, 1968.001434500695, 0.4449999999999999], "setsat/dur6_spec4.wav": [1000.5610554661307, 1887.035568035754, 0.446], "setsat/dur4_spec6.wav": [1020.5479238314632, 1781.8575200915384, 0.3479999999999999], "setsat/dur7_spec5.wav": [1010.8980242489514, 1816.7951822507412, 0.49600000000000005], "setsat/dur5_spec7.wav": [1035.0095608067707, 1748.5576879240946, 0.39599999999999996], "setsat/dur2_spec2.wav": [949.8077968499512, 1933.9501606141591, 0.24900000000000005], "setsat/dur3_spec2.wav": [958.8098845439233, 1944.9447011377251, 0.298], "setsat/dur4_spec3.wav": [977.9514988369278, 1915.88406131992, 0.3479999999999999], "setsat/dur5_spec1.wav": [939.3244094608194, 1964.1259322580634, 0.39599999999999996], "setsat/dur1_spec2.wav": [953.8027851302612, 1941.6368003461366, 0.2], "setsat/dur6_spec6.wav": [1024.0033757708363, 1788.821569424328, 0.446], "setsat/dur1_spec4.wav": [1002.0444293018675, 1886.6855559658998, 0.2], "setsat/dur5_spec4.wav": [1002.0370569750748, 1871.2883814661207, 0.39599999999999996], "setsat/dur6_spec5.wav": [1014.0405693759212, 1837.471240379663, 0.4469999999999999], "setsat/dur5_spec2.wav": [964.7167237054967, 1950.3202461887495, 0.39599999999999996], "setsat/dur1_spec5.wav": [1018.7350935487428, 1837.8746261653278, 0.201], "setsat/dur3_spec7.wav": [1043.0492293356183, 1754.8276637386089, 0.298], "setsat/dur4_spec1.wav": [935.7305430268541, 1966.1547355723592, 0.34700000000000003], "setsat/dur2_spec6.wav": [1018.7591600738522, 1781.7272963297842, 0.24900000000000005], "setsat/dur4_spec4.wav": [994.8048665282215, 1873.0744471379405, 0.34700000000000003]}